id,x,y,tx,ty
0,-10.0,-10.0,1.0,0.0
1,-8.0,-10.0,1.0,0.0
2,-6.0,-10.0,1.0,0.0
3,-4.0,-10.0,1.0,0.0
4,-2.0,-10.0,1.0,0.0
5,0.0,-10.0,1.0,0.0
6,2.0,-10.0,1.0,0.0
7,4.0,-10.0,1.0,0.0
8,6.0,-10.0,1.0,0.0
9,8.0,-10.0,1.0,0.0
10,10.0,-10.0,0.0,1.0
11,10.0,-8.0,0.0,1.0
12,10.0,-6.0,0.0,1.0
13,10.0,-4.0,0.0,1.0
14,10.0,-2.0,0.0,1.0
15,10.0,0.0,0.0,1.0
16,10.0,2.0,0.0,1.0
17,10.0,4.0,0.0,1.0
18,10.0,6.0,0.0,1.0
19,10.0,8.0,0.0,1.0
20,10.0,10.0,-1.0,0.0
21,8.0,10.0,-1.0,0.0
22,6.0,10.0,-1.0,0.0
23,4.0,10.0,-1.0,0.0
24,2.0,10.0,-1.0,0.0
25,0.0,10.0,-1.0,0.0
26,-2.0,10.0,-1.0,0.0
27,-4.0,10.0,-1.0,0.0
28,-6.0,10.0,-1.0,0.0
29,-8.0,10.0,-1.0,0.0
30,-10.0,10.0,0.0,-1.0
31,-10.0,8.0,0.0,-1.0
32,-10.0,6.0,0.0,-1.0
33,-10.0,4.0,0.0,-1.0
34,-10.0,2.0,0.0,-1.0
35,-10.0,0.0,0.0,-1.0
36,-10.0,-2.0,0.0,-1.0
37,-10.0,-4.0,0.0,-1.0
38,-10.0,-6.0,0.0,-1.0
39,-10.0,-8.0,0.0,-1.0
40,-2.2583,8.1129,-0.1129,-0.9936
41,1.7759,-6.1917,0.5569,0.8306
42,-7.9545,6.5912,-0.8049,-0.5934
43,3.7453,-8.6295,0.9822,-0.1879
44,5.984,-5.1779,0.4154,0.9096
45,-5.6987,-3.5236,-0.9879,-0.1549
46,-1.225,-3.7579,-0.763,-0.6464
47,-6.4891,-3.7414,-0.6677,0.7444
48,-0.7907,5.1332,0.311,0.9504
49,0.2562,1.6635,0.9577,0.2877
50,1.9358,-5.9306,0.9176,0.3974
51,8.0799,8.3814,0.3587,-0.9334
52,-3.517,-7.2419,-0.4016,-0.9158
53,-1.0773,-6.8033,-0.9995,0.0303
54,-8.381,7.3678,-0.0551,0.9985
55,2.9254,-3.3892,-0.9921,-0.1258
56,0.8408,-5.6726,0.9818,-0.1899
57,4.9524,7.911,0.7895,-0.6138
58,1.7622,7.5937,0.8494,0.5278
59,-5.4723,-8.1859,-0.4558,0.8901
60,-2.0038,-4.1157,0.4748,-0.8801
61,-2.5784,-3.9432,-0.9642,-0.2651
62,-6.4634,5.4395,0.8923,0.4515
63,8.764,4.9004,0.3167,0.9485
64,-8.9006,5.6783,-0.2678,-0.9635
65,4.1221,4.8829,0.8937,0.4486
66,-2.5476,-6.9144,0.6523,-0.7579
67,2.2194,-3.0438,0.9213,0.3888
68,-3.4023,-3.1467,-0.1278,-0.9918
69,2.476,6.9698,-0.9848,0.1737
70,-6.8473,3.8384,0.0677,-0.9977
71,1.103,4.8774,-0.9992,0.039
72,0.4092,-1.3043,0.9873,0.159
73,-7.058,-8.4343,-0.6546,-0.7559
74,-3.3416,0.1543,0.836,-0.5487
75,-4.5127,-1.6131,0.0349,-0.9994
76,-4.8816,-7.6144,-0.2472,0.969
77,-6.098,7.7346,0.3571,-0.9341
78,2.4013,6.6863,0.3309,-0.9437
79,-5.6417,7.0661,-0.9696,-0.2447
80,5.5339,7.1296,-0.4144,0.9101
81,-7.0191,-4.8972,-0.8969,0.4422
82,5.7243,6.4932,0.999,0.0437
83,0.1935,-1.4866,0.1744,0.9847
84,-6.8424,-2.9229,0.9364,-0.3511
85,-3.1823,0.3382,-0.2909,-0.9567
86,-2.4547,8.4921,0.9723,-0.2338
87,-4.4679,-0.0495,-0.3143,0.9493
88,-3.8729,-8.336,-0.7723,-0.6353
89,0.0482,-8.0734,-0.179,0.9838
90,7.3488,-4.6879,0.6134,0.7897
91,-0.1899,8.7417,0.0499,0.9988
92,3.0984,4.7092,0.0776,0.997
93,4.1079,-2.3799,-0.6739,-0.7388
94,2.4035,0.6439,0.8434,0.5374
95,6.0354,-3.226,0.3884,0.9215
96,-8.266,1.6361,-0.4396,-0.8982
97,-8.7014,0.2177,0.1471,0.9891
98,2.6131,-5.8614,-0.3626,-0.9319
99,-2.0388,7.8611,0.6493,0.7605
100,-2.8608,-6.9575,0.8901,-0.4557
101,6.7921,-4.3571,-0.5359,-0.8443
102,5.71,0.9936,-0.9827,-0.1852
103,-4.6467,-7.3242,0.7986,-0.6018
104,7.2075,2.3958,-0.5307,0.8476
105,-2.7142,4.0672,0.7982,-0.6024
106,6.9676,5.0378,-0.6275,-0.7786
107,-7.4855,-6.0907,0.8036,-0.5951
108,1.9157,-8.8345,0.8035,0.5952
109,2.943,-8.9089,0.5315,0.847
110,0.8772,3.4541,-0.5778,-0.8162
111,-4.9632,3.8192,0.08,0.9968
112,-3.1428,4.4368,-0.5896,-0.8077
113,6.286,2.837,-0.9093,-0.4161
114,-7.3139,-2.3811,-0.0954,0.9954
115,-4.6082,8.5142,-0.7828,0.6223
116,7.0568,2.3605,0.2779,-0.9606
117,0.0475,1.3843,-0.9989,0.047
118,-5.4856,4.0041,-0.1921,0.9814
119,-8.5623,2.6185,0.4421,0.8969
120,7.9283,8.1707,0.8603,-0.5098
121,-2.3371,-8.7218,0.9003,-0.4353
122,-1.2927,8.3998,0.974,-0.2266
123,6.3542,-3.6999,-0.7505,0.6609
124,6.3205,-3.2954,0.4845,0.8748
125,1.0224,7.8508,-0.3326,-0.9431
126,1.2611,-7.2508,-0.7501,-0.6613
127,8.821,-6.4785,-0.9934,-0.1149
128,6.7927,4.3338,-0.3268,-0.9451
129,3.6447,-2.5292,-0.2705,0.9627
130,5.5685,5.582,0.671,-0.7414
131,7.4383,0.2042,-1.0,-0.0095
132,5.3693,2.6994,-0.2972,-0.9548
133,5.3243,7.0201,-0.5251,0.851
134,-2.2395,-7.3083,-0.8815,-0.4723
135,-8.353,-0.6192,-0.9643,-0.2647
136,-3.8423,1.635,0.9817,0.1905
137,-8.3277,5.8068,-0.6383,0.7697
138,-6.7129,0.4004,0.1253,-0.9921
139,-5.1152,2.212,0.8596,0.5109
140,-8.0697,0.5644,-0.9676,-0.2526
141,2.4737,4.0696,0.9885,-0.1511
142,0.2934,-3.1868,0.2801,-0.96
143,-4.125,-1.0985,0.8809,0.4732
144,-8.5437,8.3277,0.5143,-0.8576
145,3.5275,-1.6388,0.4635,0.8861
146,-6.1841,-4.4956,-0.9525,-0.3044
147,3.8627,2.8836,-0.187,0.9824
148,8.1876,4.2821,-0.9422,-0.3349
149,2.011,-1.4472,0.0143,0.9999
150,-2.5925,4.6412,0.9959,0.0903
151,-6.9107,-8.172,0.9674,0.2531
152,6.3983,3.6658,-0.9869,0.1616
153,-7.239,-0.1509,-0.9861,0.1659
154,-5.8824,-1.1907,-0.8035,0.5954
155,2.0853,2.4317,0.9598,0.2808
156,-2.257,2.2655,-0.9998,-0.0197
157,6.4168,2.8565,0.5202,0.8541
158,-7.7298,2.5635,0.9862,0.1658
159,1.544,7.9241,-0.8896,-0.4566
